<?xml version="1.0" encoding="UTF-8"?>
<configuration>
 <!-- property resource="" /> -->
  <appender name="STDOUT" class="ch.qos.logback.core.ConsoleAppender">
    <!-- Log message format -->
   
    <layout >
      <pattern>%d{yyyy-MM-dd HH:mm:ss} ||Application_Name=${spring.application.name}||GUID = %X{X-B3-TraceId:-}  [%thread] %-5level %logger{36} - %msg%n</pattern>
    </layout>
  </appender>
  <!-- Setting the root level of logging to INFO -->
  <root level="${logging.level.root:-ERROR}">
    <appender-ref ref="STDOUT" />
  </root>
</configuration>